<?xml version="1.0"?>

<!DOCTYPE suppressions PUBLIC
    "-//Puppy Crawl//DTD Suppressions 1.1//EN"
    "http://www.puppycrawl.com/dtds/suppressions_1_1.dtd">

<suppressions>
    <suppress files=".*[/\\]library[/\\]src[/\\]main[/\\]java[/\\]com[/\\]bumptech[/\\]glide[/\\]GlideExperiments.java" checks="FinalClass"/>
    <suppress files=".*[/\\]library[/\\]src[/\\]main[/\\]java[/\\]com[/\\]bumptech[/\\]glide[/\\]util[/\\]CachedHashCodeArrayMap.java" checks="EqualsHashCodeCheck"/>
    <suppress files=".*[/\\]library[/\\]test[/\\]src[/\\]test[/\\].*" checks="Javadoc.*"/>
    <suppress files=".*[/\\]annotation[/\\]compiler[/\\]test[/\\]src[/\\]test[/\\]resources[/\\].*" checks=".*"/>
    <suppress files=".*[/\\]integration[/\\]concurrent[/\\]src[/\\]test[/\\].*" checks=".*"/>
    <suppress files=".*[/\\]testutil[/\\]src[/\\].*" checks="Javadoc.*"/>
    <suppress files=".*[/\\]benchmark[/\\]src[/\\].*" checks="Javadoc.*"/>
    <suppress files=".*[/\\]instrumentation[/\\]src[/\\].*" checks="Javadoc.*"/>
    <suppress files=".*[/\\]instrumentation[/\\]src[/\\]androidTest[/\\].*" checks="Javadoc.*"/>
    <suppress files=".*[/\\]instrumentation[/\\]src[/\\]androidTest[/\\].*[/\\]ResourceIds" checks=".*"/>
    <suppress files=".*[/\\]gif_encoder[/\\].*" checks=".*"/>
    <suppress files=".*RequestBuilder.java|ChildLoadProvider.java|TransitionOptions.java|BaseDecodeOptions.java|RequestOptions.java" checks="NoClone" />
</suppressions>

